Peptide,Length,ProteinID,Fragment 1,Match 1 Start,Match 1 Stop,Cis Distance,Fragment 2,Match 2 Start,Match 2 Stop,Scan,ALCScore,Origin,ParentID,Direction,Fused Peptide
KHFEASLVR,9,Q9H0W7,KHFEAS,55,60,14,LVR,38,40,5097,68,de novo matched and fused,47db79af-4af4-45fd-b731-c4d116fc54df,Reverse,KHFEASLVR
FKNVKPEK,8,Q6IQ26,FKNV,1161,1164,32,KPEK,1125,1128,4814,73,de novo matched and fused,eeff4e8a-d096-4a24-9c30-2e1b27ecb072,Reverse,FKNVKPEK
FKNVKPEK,8,Q5THK1,FKNVK,953,957,12,PEK,938,940,4814,73,de novo matched and fused,eeff4e8a-d096-4a24-9c30-2e1b27ecb072,Reverse,FKNVKPEK
QASQNPQR,8,Q7Z3K3,QASQ,1011,1014,9,NPQR,998,1001,5290,65,de novo matched and fused,fb315354-963b-40ad-b0af-48a7d667df37,Reverse,QASQNPQR
KHFEASVLR,9,Q9P2J5,KHFEA,957,961,0,SVLR,953,956,5097,71,de novo matched and fused,acd301ff-e23d-463e-9535-f8fb39b59baf,Reverse,KHFEASVLR
FPNGPKR,7,P42898,FPNG,384,387,26,PKR,355,357,4835,58,de novo matched and fused,ae231325-f8a4-428f-aa5e-5ba0ad4f33fc,Reverse,FPNGPKR
LLFANFFK,8,Q15413,LLF,4428,4430,34,ANFFK,4389,4393,4931,67,de novo matched and fused,b9d04a9a-da0b-45b8-a9cd-05334f9f871e,Reverse,LLFANFFK
LLFANFFK,8,P49588,LLFAN,39,43,19,FFK,17,19,4931,67,de novo matched and fused,b9d04a9a-da0b-45b8-a9cd-05334f9f871e,Reverse,LLFANFFK
FPNPGKR,7,Q8TET4,FPNP,415,418,8,GKR,404,406,4835,58,de novo matched and fused,f8c524a8-eba0-44a1-8ef2-d1b5f32c150e,Reverse,FPNPGKR
FPNPGKR,7,O60284,FPNP,535,538,19,GKR,513,515,4835,58,de novo matched and fused,f8c524a8-eba0-44a1-8ef2-d1b5f32c150e,Reverse,FPNPGKR
YKSPKTLSR,9,Q9NYI0,YKS,787,789,19,PKTISR,762,767,4788,53,de novo matched and fused,00e94bc9-87cc-4974-a9d3-cf5937bfa57e,Reverse,YKSPKTISR
KLMVHR,6,Q9Y5Q5,KL,739,740,32,MVHR,703,706,4978,60,de novo matched and fused,3dd4f37e-5b4e-49fe-a9d0-b080435ba655,Reverse,KLMVHR
KLMVHR,6,Q8IYU2,KL,577,578,29,MVHR,544,547,4978,60,de novo matched and fused,3dd4f37e-5b4e-49fe-a9d0-b080435ba655,Reverse,KLMVHR
KLMVHR,6,Q9Y233,KL,497,498,10,MVHR,483,486,4978,60,de novo matched and fused,3dd4f37e-5b4e-49fe-a9d0-b080435ba655,Reverse,KLMVHR
KLMVHR,6,Q9UPN6,KL,531,532,8,MVHR,519,522,4978,60,de novo matched and fused,3dd4f37e-5b4e-49fe-a9d0-b080435ba655,Reverse,KLMVHR
KLMVHR,6,O95104,KL,562,563,8,MVHR,550,553,4978,60,de novo matched and fused,3dd4f37e-5b4e-49fe-a9d0-b080435ba655,Reverse,KLMVHR
KLMVHR,6,O75131,KI,195,196,15,MVHR,176,179,4978,60,de novo matched and fused,3dd4f37e-5b4e-49fe-a9d0-b080435ba655,Reverse,KIMVHR
KLMVHR,6,Q6IC98,KI,567,568,12,MVHR,551,554,4978,60,de novo matched and fused,3dd4f37e-5b4e-49fe-a9d0-b080435ba655,Reverse,KIMVHR
KLMVHR,6,Q9UPN6,KI,538,539,15,MVHR,519,522,4978,60,de novo matched and fused,3dd4f37e-5b4e-49fe-a9d0-b080435ba655,Reverse,KIMVHR
KLMVHR,6,Q9UPN6,KI,545,546,22,MVHR,519,522,4978,60,de novo matched and fused,3dd4f37e-5b4e-49fe-a9d0-b080435ba655,Reverse,KIMVHR
KLMVHR,6,O95104,KI,576,577,22,MVHR,550,553,4978,60,de novo matched and fused,3dd4f37e-5b4e-49fe-a9d0-b080435ba655,Reverse,KIMVHR
KLMVHR,6,Q92841,KLM,547,549,41,VHR,503,505,4978,60,de novo matched and fused,3dd4f37e-5b4e-49fe-a9d0-b080435ba655,Reverse,KLMVHR
KLMVHR,6,Q5THR3,KLM,961,963,38,VHR,920,922,4978,60,de novo matched and fused,3dd4f37e-5b4e-49fe-a9d0-b080435ba655,Reverse,KLMVHR
KLMVHR,6,O14929,KLM,304,306,41,VHR,260,262,4978,60,de novo matched and fused,3dd4f37e-5b4e-49fe-a9d0-b080435ba655,Reverse,KLMVHR
KLMVHR,6,Q5VT25,KLM,225,227,24,VHR,198,200,4978,60,de novo matched and fused,3dd4f37e-5b4e-49fe-a9d0-b080435ba655,Reverse,KLMVHR
KLMVHR,6,Q9ULL4,KLM,1440,1442,2,VHR,1435,1437,4978,60,de novo matched and fused,3dd4f37e-5b4e-49fe-a9d0-b080435ba655,Reverse,KLMVHR
KLMVHR,6,Q9UPR3,KLM,65,67,31,VHR,31,33,4978,60,de novo matched and fused,3dd4f37e-5b4e-49fe-a9d0-b080435ba655,Reverse,KLMVHR
KLMVHR,6,Q5JPI3,KIM,274,276,31,VHR,240,242,4978,60,de novo matched and fused,3dd4f37e-5b4e-49fe-a9d0-b080435ba655,Reverse,KIMVHR
KLMVHR,6,Q14012,KIM,157,159,16,VHR,138,140,4978,60,de novo matched and fused,3dd4f37e-5b4e-49fe-a9d0-b080435ba655,Reverse,KIMVHR
KLMVHR,6,Q6P2M8,KIM,152,154,16,VHR,133,135,4978,60,de novo matched and fused,3dd4f37e-5b4e-49fe-a9d0-b080435ba655,Reverse,KIMVHR
KLMVHR,6,Q8IU85,KIM,160,162,16,VHR,141,143,4978,60,de novo matched and fused,3dd4f37e-5b4e-49fe-a9d0-b080435ba655,Reverse,KIMVHR
KLMVHR,6,Q96NX5,KIM,159,161,16,VHR,140,142,4978,60,de novo matched and fused,3dd4f37e-5b4e-49fe-a9d0-b080435ba655,Reverse,KIMVHR
KLMVHR,6,Q9Y597,KIM,426,428,4,VHR,419,421,4978,60,de novo matched and fused,3dd4f37e-5b4e-49fe-a9d0-b080435ba655,Reverse,KIMVHR
KLMVHR,6,P15735,KIM,53,55,8,VHR,42,44,4978,60,de novo matched and fused,3dd4f37e-5b4e-49fe-a9d0-b080435ba655,Reverse,KIMVHR
KLMVHR,6,O95758,KIM,389,391,1,VHR,385,387,4978,60,de novo matched and fused,3dd4f37e-5b4e-49fe-a9d0-b080435ba655,Reverse,KIMVHR
KLMVHR,6,Q8TBC3,KIM,435,437,4,VHR,428,430,4978,60,de novo matched and fused,3dd4f37e-5b4e-49fe-a9d0-b080435ba655,Reverse,KIMVHR
KLMVHR,6,A0AVK6,KLMV,699,702,30,HR,667,668,4978,60,de novo matched and fused,3dd4f37e-5b4e-49fe-a9d0-b080435ba655,Reverse,KLMVHR
KLMVHR,6,Q9UGJ1,KLMV,342,345,28,HR,312,313,4978,60,de novo matched and fused,3dd4f37e-5b4e-49fe-a9d0-b080435ba655,Reverse,KLMVHR
KLMVHR,6,Q6P2M8,KIMV,152,155,16,HR,134,135,4978,60,de novo matched and fused,3dd4f37e-5b4e-49fe-a9d0-b080435ba655,Reverse,KIMVHR
KLMVHR,6,O15439,KIMV,1243,1246,8,HR,1233,1234,4978,60,de novo matched and fused,3dd4f37e-5b4e-49fe-a9d0-b080435ba655,Reverse,KIMVHR
LKTKNELEK,9,O60313,LK,799,800,1,TKNELEK,791,797,4887,64,de novo matched and fused,ca8d30cf-722a-407d-a369-8020606442fa,Reverse,LKTKNELEK
LKTKNELEK,9,O60313,IK,833,834,35,TKNELEK,791,797,4887,64,de novo matched and fused,ca8d30cf-722a-407d-a369-8020606442fa,Reverse,IKTKNELEK
FYGPKNR,7,Q8N1K5,FYG,219,221,22,PKNR,193,196,5159,56,de novo matched and fused,05ff6c65-7bb2-4595-8804-e194cdbc95cc,Reverse,FYGPKNR
FYGPKNR,7,Q9UGF7,FYGP,250,253,21,KNR,226,228,5159,56,de novo matched and fused,05ff6c65-7bb2-4595-8804-e194cdbc95cc,Reverse,FYGPKNR
SAELPQK,7,P04114,SA,2502,2503,39,ELPQK,2458,2462,5195,57,de novo matched and fused,09a395e8-64a4-498f-8611-bc2f694664c0,Reverse,SAELPQK
SAELPQK,7,Q6ZP82,SA,30,31,12,EIPQK,13,17,5195,57,de novo matched and fused,09a395e8-64a4-498f-8611-bc2f694664c0,Reverse,SAEIPQK
SAELPQK,7,Q16706,SAE,644,646,5,LPQK,635,638,5195,57,de novo matched and fused,09a395e8-64a4-498f-8611-bc2f694664c0,Reverse,SAELPQK
SAELPQK,7,P08575,SAE,1186,1188,36,LPQK,1146,1149,5195,57,de novo matched and fused,09a395e8-64a4-498f-8611-bc2f694664c0,Reverse,SAELPQK
SAELPQK,7,Q6EMB2,SAE,1250,1252,35,LPQK,1211,1214,5195,57,de novo matched and fused,09a395e8-64a4-498f-8611-bc2f694664c0,Reverse,SAELPQK
SAELPQK,7,Q6ZP82,SAE,30,32,12,IPQK,14,17,5195,57,de novo matched and fused,09a395e8-64a4-498f-8611-bc2f694664c0,Reverse,SAEIPQK
SAELPQK,7,Q86UQ4,SAEL,294,297,22,PQK,269,271,5195,57,de novo matched and fused,09a395e8-64a4-498f-8611-bc2f694664c0,Reverse,SAELPQK
SAELPQK,7,Q969S2,SAEL,104,107,27,PQK,74,76,5195,57,de novo matched and fused,09a395e8-64a4-498f-8611-bc2f694664c0,Reverse,SAELPQK
SAELPQK,7,Q9BXT8,SAEL,415,418,34,PQK,378,380,5195,57,de novo matched and fused,09a395e8-64a4-498f-8611-bc2f694664c0,Reverse,SAELPQK
SAELPQK,7,A8TX70,SAEI,2255,2258,10,PQK,2242,2244,5195,57,de novo matched and fused,09a395e8-64a4-498f-8611-bc2f694664c0,Reverse,SAEIPQK
SAELPQK,7,Q9HAP6,SAEI,66,69,31,PQK,32,34,5195,57,de novo matched and fused,09a395e8-64a4-498f-8611-bc2f694664c0,Reverse,SAEIPQK
SAELPQK,7,Q6ZQQ2,SAELP,1112,1116,8,QK,1102,1103,5195,57,de novo matched and fused,09a395e8-64a4-498f-8611-bc2f694664c0,Reverse,SAELPQK
SAELPQK,7,Q5JUK3,SAEIP,1014,1018,4,QK,1008,1009,5195,57,de novo matched and fused,09a395e8-64a4-498f-8611-bc2f694664c0,Reverse,SAEIPQK
HKLLQKER,8,Q9H254,HKILQ,701,705,35,KER,663,665,4202,63,de novo matched and fused,26623a5c-5770-4f6f-b105-6de9c0c5e754,Reverse,HKILQKER
HKLLQEKR,8,Q7L1S5,HKIL,212,215,33,QEKR,175,178,4202,63,de novo matched and fused,ccbca86f-7e0e-4a3b-814c-ac7e9e401250,Reverse,HKILQEKR
LKTKDQLEK,9,Q96HR8,LKTKD,171,175,6,QIEK,161,164,4887,57,de novo matched and fused,3c355e16-e1e5-4d97-a400-877b6307c7c0,Reverse,LKTKDQIEK
LKTKDQLEK,9,A6NE01,IKTKDQ,982,987,40,LEK,939,941,4887,57,de novo matched and fused,3c355e16-e1e5-4d97-a400-877b6307c7c0,Reverse,IKTKDQLEK
HLARVTLR,8,Q9NY37,HI,323,324,38,ARVTIR,279,284,4282,59,de novo matched and fused,08deb84f-eae5-4b91-a4b3-8f72743d5c75,Reverse,HIARVTIR
HLARVTLR,8,Q9P225,HLA,1629,1631,6,RVTLR,1618,1622,4282,59,de novo matched and fused,08deb84f-eae5-4b91-a4b3-8f72743d5c75,Reverse,HLARVTLR
FDLHKR,6,Q8NHY0,FD,488,489,34,LHKR,450,453,4835,72,de novo matched and fused,dae1066d-0047-4779-adfe-2d178ceedb98,Reverse,FDLHKR
FDLHKR,6,Q9UNQ2,FD,122,123,24,LHKR,94,97,4835,72,de novo matched and fused,dae1066d-0047-4779-adfe-2d178ceedb98,Reverse,FDLHKR
FDLHKR,6,Q5UIP0,FD,1689,1690,2,LHKR,1683,1686,4835,72,de novo matched and fused,dae1066d-0047-4779-adfe-2d178ceedb98,Reverse,FDLHKR
FDLHKR,6,Q96T25,FD,525,526,11,IHKR,510,513,4835,72,de novo matched and fused,dae1066d-0047-4779-adfe-2d178ceedb98,Reverse,FDIHKR
FDLHKR,6,Q9BRH9,FD,186,187,22,IHKR,160,163,4835,72,de novo matched and fused,dae1066d-0047-4779-adfe-2d178ceedb98,Reverse,FDIHKR
FDLHKR,6,O60476,FDL,66,68,0,HKR,63,65,4835,72,de novo matched and fused,dae1066d-0047-4779-adfe-2d178ceedb98,Reverse,FDLHKR
FDLHKR,6,Q96S15,FDL,210,212,26,HKR,181,183,4835,72,de novo matched and fused,dae1066d-0047-4779-adfe-2d178ceedb98,Reverse,FDLHKR
FDLHKR,6,A2IDD5,FDI,327,329,24,HKR,300,302,4835,72,de novo matched and fused,dae1066d-0047-4779-adfe-2d178ceedb98,Reverse,FDIHKR
FDLHKR,6,Q9NXC5,FDI,716,718,2,HKR,711,713,4835,72,de novo matched and fused,dae1066d-0047-4779-adfe-2d178ceedb98,Reverse,FDIHKR
FDLHKR,6,O95707,FDI,87,89,20,HKR,64,66,4835,72,de novo matched and fused,dae1066d-0047-4779-adfe-2d178ceedb98,Reverse,FDIHKR
FDLHKR,6,Q9NV70,FDLH,90,93,23,KR,65,66,4835,72,de novo matched and fused,dae1066d-0047-4779-adfe-2d178ceedb98,Reverse,FDLHKR
FDLHKR,6,P13232,FDLH,100,103,30,KR,68,69,4835,72,de novo matched and fused,dae1066d-0047-4779-adfe-2d178ceedb98,Reverse,FDLHKR
FDLHKR,6,Q6PF04,FDLH,129,132,29,KR,98,99,4835,72,de novo matched and fused,dae1066d-0047-4779-adfe-2d178ceedb98,Reverse,FDLHKR
FDLHKR,6,Q9ULI0,FDIH,313,316,4,KR,307,308,4835,72,de novo matched and fused,dae1066d-0047-4779-adfe-2d178ceedb98,Reverse,FDIHKR
FDLHKR,6,P35556,FDIH,1799,1802,38,KR,1759,1760,4835,72,de novo matched and fused,dae1066d-0047-4779-adfe-2d178ceedb98,Reverse,FDIHKR
FDLHKR,6,O95302,FDIH,357,360,25,KR,330,331,4835,72,de novo matched and fused,dae1066d-0047-4779-adfe-2d178ceedb98,Reverse,FDIHKR
FDLHKR,6,Q9NXC5,FDIH,716,719,2,KR,712,713,4835,72,de novo matched and fused,dae1066d-0047-4779-adfe-2d178ceedb98,Reverse,FDIHKR
FDLHKR,6,P04275,FDIH,92,95,23,KR,67,68,4835,72,de novo matched and fused,dae1066d-0047-4779-adfe-2d178ceedb98,Reverse,FDIHKR
FDLHKR,6,P04275,FDIH,92,95,10,KR,80,81,4835,72,de novo matched and fused,dae1066d-0047-4779-adfe-2d178ceedb98,Reverse,FDIHKR
KMENHEFDGKK,11,O14975,KM,575,576,33,ENHEFDGKK,533,541,4559,90,de novo matched and fused,994b8976-bb18-4f51-a29a-ea3fd27ce604,Reverse,KMENHEFDGKK
FDHLKR,6,P84090,FD,58,59,15,HLKR,39,42,4835,86,de novo matched and fused,c8dcad27-b5f9-4d6a-b3b9-29c8f50b4819,Reverse,FDHLKR
FDHLKR,6,Q8NDV3,FD,520,521,10,HLKR,506,509,4835,86,de novo matched and fused,c8dcad27-b5f9-4d6a-b3b9-29c8f50b4819,Reverse,FDHLKR
FDHLKR,6,P24557,FD,176,177,7,HLKR,165,168,4835,86,de novo matched and fused,c8dcad27-b5f9-4d6a-b3b9-29c8f50b4819,Reverse,FDHLKR
FDHLKR,6,Q9UJV3,FD,679,680,25,HLKR,650,653,4835,86,de novo matched and fused,c8dcad27-b5f9-4d6a-b3b9-29c8f50b4819,Reverse,FDHLKR
FDHLKR,6,Q15650,FD,131,132,26,HLKR,101,104,4835,86,de novo matched and fused,c8dcad27-b5f9-4d6a-b3b9-29c8f50b4819,Reverse,FDHLKR
FDHLKR,6,Q9Y4E8,FD,458,459,28,HLKR,426,429,4835,86,de novo matched and fused,c8dcad27-b5f9-4d6a-b3b9-29c8f50b4819,Reverse,FDHLKR
FDHLKR,6,Q8NFA0,FD,1306,1307,21,HLKR,1281,1284,4835,86,de novo matched and fused,c8dcad27-b5f9-4d6a-b3b9-29c8f50b4819,Reverse,FDHLKR
FDHLKR,6,Q70CQ1,FD,573,574,17,HLKR,552,555,4835,86,de novo matched and fused,c8dcad27-b5f9-4d6a-b3b9-29c8f50b4819,Reverse,FDHLKR
FDHLKR,6,Q70EL3,FD,274,275,0,HLKR,270,273,4835,86,de novo matched and fused,c8dcad27-b5f9-4d6a-b3b9-29c8f50b4819,Reverse,FDHLKR
FDHLKR,6,P35125,FD,1104,1105,21,HLKR,1079,1082,4835,86,de novo matched and fused,c8dcad27-b5f9-4d6a-b3b9-29c8f50b4819,Reverse,FDHLKR
FDHLKR,6,Q9Y4E5,FD,193,194,0,HLKR,189,192,4835,86,de novo matched and fused,c8dcad27-b5f9-4d6a-b3b9-29c8f50b4819,Reverse,FDHLKR
FDHLKR,6,Q9Y4E5,FD,232,233,39,HLKR,189,192,4835,86,de novo matched and fused,c8dcad27-b5f9-4d6a-b3b9-29c8f50b4819,Reverse,FDHLKR
FDHLKR,6,Q8N4W9,FD,902,903,37,HLKR,861,864,4835,86,de novo matched and fused,c8dcad27-b5f9-4d6a-b3b9-29c8f50b4819,Reverse,FDHLKR
FDHLKR,6,O00472,FD,631,632,4,HIKR,623,626,4835,86,de novo matched and fused,c8dcad27-b5f9-4d6a-b3b9-29c8f50b4819,Reverse,FDHIKR
FDHLKR,6,Q12908,FD,90,91,25,HIKR,61,64,4835,86,de novo matched and fused,c8dcad27-b5f9-4d6a-b3b9-29c8f50b4819,Reverse,FDHIKR
FDHLKR,6,O75643,FD,1983,1984,9,HIKR,1970,1973,4835,86,de novo matched and fused,c8dcad27-b5f9-4d6a-b3b9-29c8f50b4819,Reverse,FDHIKR
FDHLKR,6,Q9C0G0,FD,789,790,33,HIKR,752,755,4835,86,de novo matched and fused,c8dcad27-b5f9-4d6a-b3b9-29c8f50b4819,Reverse,FDHIKR
FDHLKR,6,Q14865,FDH,229,231,35,LKR,191,193,4835,86,de novo matched and fused,c8dcad27-b5f9-4d6a-b3b9-29c8f50b4819,Reverse,FDHLKR
FDHLKR,6,O15072,FDH,461,463,12,LKR,446,448,4835,86,de novo matched and fused,c8dcad27-b5f9-4d6a-b3b9-29c8f50b4819,Reverse,FDHLKR
FDHLKR,6,P80303,FDH,139,141,30,LKR,106,108,4835,86,de novo matched and fused,c8dcad27-b5f9-4d6a-b3b9-29c8f50b4819,Reverse,FDHLKR
FDHLKR,6,Q15005,FDH,197,199,31,LKR,163,165,4835,86,de novo matched and fused,c8dcad27-b5f9-4d6a-b3b9-29c8f50b4819,Reverse,FDHLKR
FDHLKR,6,P11277,FDH,1722,1724,24,LKR,1695,1697,4835,86,de novo matched and fused,c8dcad27-b5f9-4d6a-b3b9-29c8f50b4819,Reverse,FDHLKR
FDHLKR,6,Q9Y4E5,FDH,193,195,0,LKR,190,192,4835,86,de novo matched and fused,c8dcad27-b5f9-4d6a-b3b9-29c8f50b4819,Reverse,FDHLKR
FDHLKR,6,Q16706,FDH,842,844,39,IKR,800,802,4835,86,de novo matched and fused,c8dcad27-b5f9-4d6a-b3b9-29c8f50b4819,Reverse,FDHIKR
FDHLKR,6,P51878,FDHL,203,206,14,KR,187,188,4835,86,de novo matched and fused,c8dcad27-b5f9-4d6a-b3b9-29c8f50b4819,Reverse,FDHLKR
FDHLKR,6,O95267,FDHL,201,204,5,KR,194,195,4835,86,de novo matched and fused,c8dcad27-b5f9-4d6a-b3b9-29c8f50b4819,Reverse,FDHLKR
FDHLKR,6,Q7LDG7,FDHL,150,153,18,KR,130,131,4835,86,de novo matched and fused,c8dcad27-b5f9-4d6a-b3b9-29c8f50b4819,Reverse,FDHLKR
FDHLKR,6,Q7LDG7,FDHL,150,153,5,KR,143,144,4835,86,de novo matched and fused,c8dcad27-b5f9-4d6a-b3b9-29c8f50b4819,Reverse,FDHLKR
FDHLKR,6,Q8TDF6,FDHL,197,200,5,KR,190,191,4835,86,de novo matched and fused,c8dcad27-b5f9-4d6a-b3b9-29c8f50b4819,Reverse,FDHLKR
FDHLKR,6,P80303,FDHL,139,142,30,KR,107,108,4835,86,de novo matched and fused,c8dcad27-b5f9-4d6a-b3b9-29c8f50b4819,Reverse,FDHLKR
FDHLKR,6,Q8TBZ6,FDHL,109,112,39,KR,68,69,4835,86,de novo matched and fused,c8dcad27-b5f9-4d6a-b3b9-29c8f50b4819,Reverse,FDHLKR
FDHLKR,6,Q8TBZ6,FDHL,109,112,37,KR,70,71,4835,86,de novo matched and fused,c8dcad27-b5f9-4d6a-b3b9-29c8f50b4819,Reverse,FDHLKR
FDHLKR,6,Q8TBZ6,FDHL,109,112,17,KR,90,91,4835,86,de novo matched and fused,c8dcad27-b5f9-4d6a-b3b9-29c8f50b4819,Reverse,FDHLKR
FDHLKR,6,Q6V702,FDHI,225,228,32,KR,191,192,4835,86,de novo matched and fused,c8dcad27-b5f9-4d6a-b3b9-29c8f50b4819,Reverse,FDHIKR
FDHLKR,6,P19367,FDHI,575,578,23,KR,550,551,4835,86,de novo matched and fused,c8dcad27-b5f9-4d6a-b3b9-29c8f50b4819,Reverse,FDHIKR
FDHLKR,6,O15066,FDHI,123,126,6,KR,115,116,4835,86,de novo matched and fused,c8dcad27-b5f9-4d6a-b3b9-29c8f50b4819,Reverse,FDHIKR
FDHLKR,6,P07949,FDHI,924,927,15,KR,907,908,4835,86,de novo matched and fused,c8dcad27-b5f9-4d6a-b3b9-29c8f50b4819,Reverse,FDHIKR
FDHLKR,6,P48764,FDHI,484,487,16,KR,466,467,4835,86,de novo matched and fused,c8dcad27-b5f9-4d6a-b3b9-29c8f50b4819,Reverse,FDHIKR
FDHLKR,6,Q14940,FDHI,477,480,16,KR,459,460,4835,86,de novo matched and fused,c8dcad27-b5f9-4d6a-b3b9-29c8f50b4819,Reverse,FDHIKR
HLARLSLR,8,P23467,HL,1668,1669,7,ARLSIR,1655,1660,4282,60,de novo matched and fused,75d4c820-9566-4fbd-b0ba-563efd03b6a5,Reverse,HLARLSIR
HLARLSLR,8,Q86UP3,HI,2980,2981,1,ARLSIR,2973,2978,4282,60,de novo matched and fused,75d4c820-9566-4fbd-b0ba-563efd03b6a5,Reverse,HIARLSIR
HLARLSLR,8,Q86UP3,HI,2986,2987,7,ARLSIR,2973,2978,4282,60,de novo matched and fused,75d4c820-9566-4fbd-b0ba-563efd03b6a5,Reverse,HIARLSIR
HLARLSLR,8,Q9H2U1,HLAR,692,695,19,LSIR,669,672,4282,60,de novo matched and fused,75d4c820-9566-4fbd-b0ba-563efd03b6a5,Reverse,HLARLSIR
HLARLSLR,8,O00155,HLARL,268,272,23,SLR,242,244,4282,60,de novo matched and fused,75d4c820-9566-4fbd-b0ba-563efd03b6a5,Reverse,HLARLSLR
HLARLSLR,8,Q9H2U1,HLARL,692,696,19,SIR,670,672,4282,60,de novo matched and fused,75d4c820-9566-4fbd-b0ba-563efd03b6a5,Reverse,HLARLSIR
KRARKADPR,9,Q15543,KRARKA,111,116,15,DPR,93,95,4933,62,de novo matched and fused,6d534853-ea98-4a1c-b34f-85442128bce5,Reverse,KRARKADPR
HLARSLLR,8,Q2TAY7,HL,116,117,17,ARSLLR,93,98,4282,60,de novo matched and fused,06f2b4d4-1a68-4138-a847-fa6a836417d8,Reverse,HLARSLLR
HLARSLLR,8,Q5T011,HL,1950,1951,10,ARSLIR,1934,1939,4282,60,de novo matched and fused,06f2b4d4-1a68-4138-a847-fa6a836417d8,Reverse,HLARSLIR
HLARSLLR,8,Q96N77,HLAR,278,281,15,SLLR,259,262,4282,60,de novo matched and fused,06f2b4d4-1a68-4138-a847-fa6a836417d8,Reverse,HLARSLLR
HLARSLLR,8,Q7Z745,HLAR,1355,1358,3,SIIR,1348,1351,4282,60,de novo matched and fused,06f2b4d4-1a68-4138-a847-fa6a836417d8,Reverse,HLARSIIR
HLARSLLR,8,P11049,HLARS,206,210,37,ILR,166,168,4282,60,de novo matched and fused,06f2b4d4-1a68-4138-a847-fa6a836417d8,Reverse,HLARSILR
HLARSLLR,8,P98161,HLARSL,1282,1287,15,LR,1265,1266,4282,60,de novo matched and fused,06f2b4d4-1a68-4138-a847-fa6a836417d8,Reverse,HLARSLLR
SAELPGAK,8,Q08357,SA,302,303,23,ELPGAK,273,278,5195,51,de novo matched and fused,316ba9e2-17ea-49bc-9000-68e8e88bc59a,Reverse,SAELPGAK
KALFKR,6,Q8N6H7,KA,24,25,7,LFKR,13,16,4871,53,de novo matched and fused,217000cf-82f6-4ca1-b9ce-c0db4b70716b,Reverse,KALFKR
KALFKR,6,Q9BXI9,KA,255,256,22,LFKR,229,232,4871,53,de novo matched and fused,217000cf-82f6-4ca1-b9ce-c0db4b70716b,Reverse,KALFKR
KALFKR,6,A6NNT2,KA,932,933,22,LFKR,906,909,4871,53,de novo matched and fused,217000cf-82f6-4ca1-b9ce-c0db4b70716b,Reverse,KALFKR
KALFKR,6,Q96FA3,KA,48,49,1,LFKR,43,46,4871,53,de novo matched and fused,217000cf-82f6-4ca1-b9ce-c0db4b70716b,Reverse,KALFKR
KALFKR,6,Q96FA3,KA,67,68,20,LFKR,43,46,4871,53,de novo matched and fused,217000cf-82f6-4ca1-b9ce-c0db4b70716b,Reverse,KALFKR
KALFKR,6,Q9Y2R2,KA,334,335,41,LFKR,289,292,4871,53,de novo matched and fused,217000cf-82f6-4ca1-b9ce-c0db4b70716b,Reverse,KALFKR
KALFKR,6,Q7Z5J4,KA,1278,1279,5,LFKR,1269,1272,4871,53,de novo matched and fused,217000cf-82f6-4ca1-b9ce-c0db4b70716b,Reverse,KALFKR
KALFKR,6,Q9P1V8,KA,649,650,33,LFKR,612,615,4871,53,de novo matched and fused,217000cf-82f6-4ca1-b9ce-c0db4b70716b,Reverse,KALFKR
KALFKR,6,Q9Y6A5,KA,768,769,39,LFKR,725,728,4871,53,de novo matched and fused,217000cf-82f6-4ca1-b9ce-c0db4b70716b,Reverse,KALFKR
KALFKR,6,Q13885,KA,392,393,11,LFKR,377,380,4871,53,de novo matched and fused,217000cf-82f6-4ca1-b9ce-c0db4b70716b,Reverse,KALFKR
KALFKR,6,Q9BVA1,KA,392,393,11,LFKR,377,380,4871,53,de novo matched and fused,217000cf-82f6-4ca1-b9ce-c0db4b70716b,Reverse,KALFKR
KALFKR,6,Q13509,KA,392,393,11,LFKR,377,380,4871,53,de novo matched and fused,217000cf-82f6-4ca1-b9ce-c0db4b70716b,Reverse,KALFKR
KALFKR,6,P04350,KA,392,393,11,LFKR,377,380,4871,53,de novo matched and fused,217000cf-82f6-4ca1-b9ce-c0db4b70716b,Reverse,KALFKR
KALFKR,6,P68371,KA,392,393,11,LFKR,377,380,4871,53,de novo matched and fused,217000cf-82f6-4ca1-b9ce-c0db4b70716b,Reverse,KALFKR
KALFKR,6,P07437,KA,392,393,11,LFKR,377,380,4871,53,de novo matched and fused,217000cf-82f6-4ca1-b9ce-c0db4b70716b,Reverse,KALFKR
KALFKR,6,Q9BUF5,KA,392,393,11,LFKR,377,380,4871,53,de novo matched and fused,217000cf-82f6-4ca1-b9ce-c0db4b70716b,Reverse,KALFKR
KALFKR,6,Q3ZCM7,KA,392,393,11,LFKR,377,380,4871,53,de novo matched and fused,217000cf-82f6-4ca1-b9ce-c0db4b70716b,Reverse,KALFKR
KALFKR,6,O43715,KA,50,51,6,LFKR,40,43,4871,53,de novo matched and fused,217000cf-82f6-4ca1-b9ce-c0db4b70716b,Reverse,KALFKR
KALFKR,6,Q8N584,KA,432,433,11,LFKR,417,420,4871,53,de novo matched and fused,217000cf-82f6-4ca1-b9ce-c0db4b70716b,Reverse,KALFKR
KALFKR,6,Q8N584,KA,443,444,22,LFKR,417,420,4871,53,de novo matched and fused,217000cf-82f6-4ca1-b9ce-c0db4b70716b,Reverse,KALFKR
KALFKR,6,Q8N584,KA,458,459,37,LFKR,417,420,4871,53,de novo matched and fused,217000cf-82f6-4ca1-b9ce-c0db4b70716b,Reverse,KALFKR
KALFKR,6,P49754,KA,642,643,37,LFKR,601,604,4871,53,de novo matched and fused,217000cf-82f6-4ca1-b9ce-c0db4b70716b,Reverse,KALFKR
KALFKR,6,B1ANS9,KA,971,972,3,LFKR,964,967,4871,53,de novo matched and fused,217000cf-82f6-4ca1-b9ce-c0db4b70716b,Reverse,KALFKR
KALFKR,6,Q8NDM7,KA,1350,1351,37,LFKR,1309,1312,4871,53,de novo matched and fused,217000cf-82f6-4ca1-b9ce-c0db4b70716b,Reverse,KALFKR
KALFKR,6,P55060,KA,189,190,29,LFKR,156,159,4871,53,de novo matched and fused,217000cf-82f6-4ca1-b9ce-c0db4b70716b,Reverse,KALFKR
KALFKR,6,P34969,KA,324,325,2,IFKR,318,321,4871,53,de novo matched and fused,217000cf-82f6-4ca1-b9ce-c0db4b70716b,Reverse,KAIFKR
KALFKR,6,Q7Z5J8,KA,1384,1385,31,IFKR,1349,1352,4871,53,de novo matched and fused,217000cf-82f6-4ca1-b9ce-c0db4b70716b,Reverse,KAIFKR
KALFKR,6,Q96N23,KA,370,371,9,IFKR,357,360,4871,53,de novo matched and fused,217000cf-82f6-4ca1-b9ce-c0db4b70716b,Reverse,KAIFKR
KALFKR,6,Q8WVV9,KA,220,221,16,IFKR,200,203,4871,53,de novo matched and fused,217000cf-82f6-4ca1-b9ce-c0db4b70716b,Reverse,KAIFKR
KALFKR,6,Q8WVV9,KA,222,223,18,IFKR,200,203,4871,53,de novo matched and fused,217000cf-82f6-4ca1-b9ce-c0db4b70716b,Reverse,KAIFKR
KALFKR,6,Q6ZMV9,KA,590,591,22,IFKR,564,567,4871,53,de novo matched and fused,217000cf-82f6-4ca1-b9ce-c0db4b70716b,Reverse,KAIFKR
KALFKR,6,Q8N7X4,KA,198,199,8,IFKR,186,189,4871,53,de novo matched and fused,217000cf-82f6-4ca1-b9ce-c0db4b70716b,Reverse,KAIFKR
KALFKR,6,Q8N7X4,KA,218,219,28,IFKR,186,189,4871,53,de novo matched and fused,217000cf-82f6-4ca1-b9ce-c0db4b70716b,Reverse,KAIFKR
KALFKR,6,Q9P2E8,KA,327,328,22,IFKR,301,304,4871,53,de novo matched and fused,217000cf-82f6-4ca1-b9ce-c0db4b70716b,Reverse,KAIFKR
KALFKR,6,Q8NHP8,KA,384,385,15,IFKR,365,368,4871,53,de novo matched and fused,217000cf-82f6-4ca1-b9ce-c0db4b70716b,Reverse,KAIFKR
KALFKR,6,P24588,KAL,45,47,5,FKR,37,39,4871,53,de novo matched and fused,217000cf-82f6-4ca1-b9ce-c0db4b70716b,Reverse,KALFKR
KALFKR,6,P07355,KAL,329,331,19,FKR,307,309,4871,53,de novo matched and fused,217000cf-82f6-4ca1-b9ce-c0db4b70716b,Reverse,KALFKR
KALFKR,6,A6NMY6,KAL,329,331,19,FKR,307,309,4871,53,de novo matched and fused,217000cf-82f6-4ca1-b9ce-c0db4b70716b,Reverse,KALFKR
KALFKR,6,O95886,KAL,701,703,27,FKR,671,673,4871,53,de novo matched and fused,217000cf-82f6-4ca1-b9ce-c0db4b70716b,Reverse,KALFKR
KALFKR,6,P61978,KAL,66,68,30,FKR,33,35,4871,53,de novo matched and fused,217000cf-82f6-4ca1-b9ce-c0db4b70716b,Reverse,KALFKR
KALFKR,6,Q6ZMV9,KAL,590,592,22,FKR,565,567,4871,53,de novo matched and fused,217000cf-82f6-4ca1-b9ce-c0db4b70716b,Reverse,KALFKR
KALFKR,6,Q02809,KAL,83,85,36,FKR,44,46,4871,53,de novo matched and fused,217000cf-82f6-4ca1-b9ce-c0db4b70716b,Reverse,KALFKR
KALFKR,6,Q14690,KAL,1857,1859,19,FKR,1835,1837,4871,53,de novo matched and fused,217000cf-82f6-4ca1-b9ce-c0db4b70716b,Reverse,KALFKR
KALFKR,6,Q96C34,KAL,539,541,6,FKR,530,532,4871,53,de novo matched and fused,217000cf-82f6-4ca1-b9ce-c0db4b70716b,Reverse,KALFKR
KALFKR,6,P48788,KAL,124,126,14,FKR,107,109,4871,53,de novo matched and fused,217000cf-82f6-4ca1-b9ce-c0db4b70716b,Reverse,KALFKR
KALFKR,6,Q8N584,KAL,443,445,22,FKR,418,420,4871,53,de novo matched and fused,217000cf-82f6-4ca1-b9ce-c0db4b70716b,Reverse,KALFKR
KALFKR,6,Q8N584,KAL,458,460,37,FKR,418,420,4871,53,de novo matched and fused,217000cf-82f6-4ca1-b9ce-c0db4b70716b,Reverse,KALFKR
KALFKR,6,P49754,KAL,642,644,37,FKR,602,604,4871,53,de novo matched and fused,217000cf-82f6-4ca1-b9ce-c0db4b70716b,Reverse,KALFKR
KALFKR,6,Q9H8Y1,KAL,442,444,15,FKR,424,426,4871,53,de novo matched and fused,217000cf-82f6-4ca1-b9ce-c0db4b70716b,Reverse,KALFKR
KALFKR,6,Q6ZSS3,KAL,130,132,0,FKR,127,129,4871,53,de novo matched and fused,217000cf-82f6-4ca1-b9ce-c0db4b70716b,Reverse,KALFKR
KALFKR,6,O94823,KAI,145,147,4,FKR,138,140,4871,53,de novo matched and fused,217000cf-82f6-4ca1-b9ce-c0db4b70716b,Reverse,KAIFKR
KALFKR,6,Q8IZT8,KAI,92,94,26,FKR,63,65,4871,53,de novo matched and fused,217000cf-82f6-4ca1-b9ce-c0db4b70716b,Reverse,KAIFKR
KALFKR,6,Q15058,KAI,1512,1514,16,FKR,1493,1495,4871,53,de novo matched and fused,217000cf-82f6-4ca1-b9ce-c0db4b70716b,Reverse,KAIFKR
KALFKR,6,O95255,KAI,301,303,26,FKR,272,274,4871,53,de novo matched and fused,217000cf-82f6-4ca1-b9ce-c0db4b70716b,Reverse,KAIFKR
KALFKR,6,Q15406,KAI,128,130,41,FKR,84,86,4871,53,de novo matched and fused,217000cf-82f6-4ca1-b9ce-c0db4b70716b,Reverse,KAIFKR
KALFKR,6,Q7L8S5,KAI,144,146,17,FKR,124,126,4871,53,de novo matched and fused,217000cf-82f6-4ca1-b9ce-c0db4b70716b,Reverse,KAIFKR
KALFKR,6,Q96FA3,KAI,67,69,20,FKR,44,46,4871,53,de novo matched and fused,217000cf-82f6-4ca1-b9ce-c0db4b70716b,Reverse,KAIFKR
KALFKR,6,O43715,KAI,50,52,6,FKR,41,43,4871,53,de novo matched and fused,217000cf-82f6-4ca1-b9ce-c0db4b70716b,Reverse,KAIFKR
KALFKR,6,Q9H582,KAI,1027,1029,11,FKR,1013,1015,4871,53,de novo matched and fused,217000cf-82f6-4ca1-b9ce-c0db4b70716b,Reverse,KAIFKR
KALFKR,6,Q8NAA4,KALF,30,33,13,KR,15,16,4871,53,de novo matched and fused,217000cf-82f6-4ca1-b9ce-c0db4b70716b,Reverse,KALFKR
KALFKR,6,Q9BZC7,KALF,1455,1458,8,KR,1445,1446,4871,53,de novo matched and fused,217000cf-82f6-4ca1-b9ce-c0db4b70716b,Reverse,KALFKR
KALFKR,6,Q13895,KALF,278,281,10,KR,266,267,4871,53,de novo matched and fused,217000cf-82f6-4ca1-b9ce-c0db4b70716b,Reverse,KALFKR
KALFKR,6,Q08289,KALF,302,305,39,KR,261,262,4871,53,de novo matched and fused,217000cf-82f6-4ca1-b9ce-c0db4b70716b,Reverse,KALFKR
KALFKR,6,Q13740,KALF,142,145,31,KR,109,110,4871,53,de novo matched and fused,217000cf-82f6-4ca1-b9ce-c0db4b70716b,Reverse,KALFKR
KALFKR,6,Q86X02,KALF,437,440,8,KR,427,428,4871,53,de novo matched and fused,217000cf-82f6-4ca1-b9ce-c0db4b70716b,Reverse,KALFKR
KALFKR,6,Q9UF47,KALF,111,114,33,KR,76,77,4871,53,de novo matched and fused,217000cf-82f6-4ca1-b9ce-c0db4b70716b,Reverse,KALFKR
KALFKR,6,Q9H3Z4,KALF,107,110,33,KR,72,73,4871,53,de novo matched and fused,217000cf-82f6-4ca1-b9ce-c0db4b70716b,Reverse,KALFKR
KALFKR,6,O75417,KALF,139,142,6,KR,131,132,4871,53,de novo matched and fused,217000cf-82f6-4ca1-b9ce-c0db4b70716b,Reverse,KALFKR
KALFKR,6,Q96DT5,KALF,2017,2020,34,KR,1981,1982,4871,53,de novo matched and fused,217000cf-82f6-4ca1-b9ce-c0db4b70716b,Reverse,KALFKR
KALFKR,6,Q8IYT2,KALF,344,347,0,KR,342,343,4871,53,de novo matched and fused,217000cf-82f6-4ca1-b9ce-c0db4b70716b,Reverse,KALFKR
KALFKR,6,Q5T2T1,KALF,234,237,36,KR,196,197,4871,53,de novo matched and fused,217000cf-82f6-4ca1-b9ce-c0db4b70716b,Reverse,KALFKR
KALFKR,6,P52848,KALF,336,339,30,KR,304,305,4871,53,de novo matched and fused,217000cf-82f6-4ca1-b9ce-c0db4b70716b,Reverse,KALFKR
KALFKR,6,Q9ULL1,KALF,451,454,37,KR,412,413,4871,53,de novo matched and fused,217000cf-82f6-4ca1-b9ce-c0db4b70716b,Reverse,KALFKR
KALFKR,6,P31939,KALF,509,512,24,KR,483,484,4871,53,de novo matched and fused,217000cf-82f6-4ca1-b9ce-c0db4b70716b,Reverse,KALFKR
KALFKR,6,P42285,KALF,477,480,26,KR,449,450,4871,53,de novo matched and fused,217000cf-82f6-4ca1-b9ce-c0db4b70716b,Reverse,KALFKR
KALFKR,6,O14746,KALF,659,662,8,KR,649,650,4871,53,de novo matched and fused,217000cf-82f6-4ca1-b9ce-c0db4b70716b,Reverse,KALFKR
KALFKR,6,P11473,KALF,55,58,0,KR,53,54,4871,53,de novo matched and fused,217000cf-82f6-4ca1-b9ce-c0db4b70716b,Reverse,KALFKR
KALFKR,6,Q13191,KAIF,158,161,37,KR,119,120,4871,53,de novo matched and fused,217000cf-82f6-4ca1-b9ce-c0db4b70716b,Reverse,KAIFKR
KALFKR,6,P60520,KAIF,74,77,26,KR,46,47,4871,53,de novo matched and fused,217000cf-82f6-4ca1-b9ce-c0db4b70716b,Reverse,KAIFKR
KALFKR,6,P60520,KAIF,74,77,6,KR,66,67,4871,53,de novo matched and fused,217000cf-82f6-4ca1-b9ce-c0db4b70716b,Reverse,KAIFKR
KALFKR,6,P14859,KAIF,451,454,14,KR,435,436,4871,53,de novo matched and fused,217000cf-82f6-4ca1-b9ce-c0db4b70716b,Reverse,KAIFKR
KALFKR,6,Q9H5J8,KAIF,78,81,31,KR,45,46,4871,53,de novo matched and fused,217000cf-82f6-4ca1-b9ce-c0db4b70716b,Reverse,KAIFKR
KALFKR,6,Q8TBP0,KAIF,419,422,23,KR,394,395,4871,53,de novo matched and fused,217000cf-82f6-4ca1-b9ce-c0db4b70716b,Reverse,KAIFKR
GHLARRR,7,Q15029,GH,855,856,0,LARRR,850,854,5081,52,de novo matched and fused,4f5e364b-0381-4cd8-b0c4-e6b4a5e5693a,Reverse,GHLARRR
GHLARRR,7,A8K554,GH,102,103,4,LARRR,93,97,5081,52,de novo matched and fused,4f5e364b-0381-4cd8-b0c4-e6b4a5e5693a,Reverse,GHLARRR
GHLARRR,7,Q96L42,GHL,176,178,9,ARRR,163,166,5081,52,de novo matched and fused,4f5e364b-0381-4cd8-b0c4-e6b4a5e5693a,Reverse,GHLARRR
GHLARRR,7,Q9Y3S1,GHLA,2012,2015,27,RRR,1982,1984,5081,52,de novo matched and fused,4f5e364b-0381-4cd8-b0c4-e6b4a5e5693a,Reverse,GHLARRR
GHLARRR,7,Q6ZRH9,GHLA,274,277,3,RRR,268,270,5081,52,de novo matched and fused,4f5e364b-0381-4cd8-b0c4-e6b4a5e5693a,Reverse,GHLARRR
GHLARRR,7,Q12830,GHLAR,109,113,33,RR,74,75,5081,52,de novo matched and fused,4f5e364b-0381-4cd8-b0c4-e6b4a5e5693a,Reverse,GHLARRR
GHLARRR,7,Q96C10,GHLAR,91,95,21,RR,68,69,5081,52,de novo matched and fused,4f5e364b-0381-4cd8-b0c4-e6b4a5e5693a,Reverse,GHLARRR
GHLARRR,7,Q9UQD0,GHLAR,1908,1912,15,RR,1891,1892,5081,52,de novo matched and fused,4f5e364b-0381-4cd8-b0c4-e6b4a5e5693a,Reverse,GHLARRR
GHLARRR,7,Q8WW36,GHLAR,98,102,9,RR,87,88,5081,52,de novo matched and fused,4f5e364b-0381-4cd8-b0c4-e6b4a5e5693a,Reverse,GHLARRR
KGLEERQPER,10,Q8WXI9,KGIEERQ,157,163,40,PER,114,116,5056,73,de novo matched and fused,cf200419-b742-498b-bd7b-d816291e4b49,Reverse,KGIEERQPER
LDKEEHLKK,9,Q9Y5V3,IDKEEHL,531,537,7,KK,522,523,5037,74,de novo matched and fused,7e8e1314-fb1c-4938-96bc-73c5fe25b4e6,Reverse,IDKEEHLKK
LDKEEHLKK,9,Q96JG8,IDKEEHL,473,479,7,KK,464,465,5037,74,de novo matched and fused,7e8e1314-fb1c-4938-96bc-73c5fe25b4e6,Reverse,IDKEEHLKK
EVKEEHLKK,9,Q8N4T8,EV,208,209,11,KEEHLKK,190,196,5037,74,de novo matched and fused,06c524c4-750c-4ae3-bab4-37bd4e6da509,Reverse,EVKEEHLKK
HGLARRR,7,Q96A19,HG,425,426,31,LARRR,389,393,5081,51,de novo matched and fused,175a4ac7-1367-4af5-ab4d-f24ab7754ddd,Reverse,HGLARRR
HGLARRR,7,Q9NQX4,HG,906,907,31,LARRR,870,874,5081,51,de novo matched and fused,175a4ac7-1367-4af5-ab4d-f24ab7754ddd,Reverse,HGLARRR
HGLARRR,7,A8K554,HG,103,104,5,LARRR,93,97,5081,51,de novo matched and fused,175a4ac7-1367-4af5-ab4d-f24ab7754ddd,Reverse,HGLARRR
HGLARRR,7,Q9NQX4,HGL,906,908,31,ARRR,871,874,5081,51,de novo matched and fused,175a4ac7-1367-4af5-ab4d-f24ab7754ddd,Reverse,HGLARRR
HGLARRR,7,F5GYI3,HGL,176,178,14,ARRR,158,161,5081,51,de novo matched and fused,175a4ac7-1367-4af5-ab4d-f24ab7754ddd,Reverse,HGLARRR
HGLARRR,7,Q9H6I2,HGLA,157,160,14,RRR,140,142,5081,51,de novo matched and fused,175a4ac7-1367-4af5-ab4d-f24ab7754ddd,Reverse,HGLARRR
HGLARRR,7,Q07001,HGLAR,408,412,30,RR,376,377,5081,51,de novo matched and fused,175a4ac7-1367-4af5-ab4d-f24ab7754ddd,Reverse,HGLARRR
HGLARRR,7,O00555,HGLAR,2479,2483,8,RR,2469,2470,5081,51,de novo matched and fused,175a4ac7-1367-4af5-ab4d-f24ab7754ddd,Reverse,HGLARRR
